[
  {
    "outputFileName": "wwwroot/css/site.min.css",
    "inputFiles": [
      "wwwroot/css/site.css"
    ]
  },
  {
    "outputFileName": "wwwroot/js/site.min.js",
    "inputFiles": [
      "wwwroot/js/site.js"
    ],
    "minify": {
      "enabled": true,
      "renameLocals": true
    }
  },
  {
    "outputFileName": "wwwroot/js/_bundled-certification-request-create.js",
    "inputFiles": [
      "wwwroot/lib/jquery-validation/dist/jquery.validate.js",
      "wwwroot/lib/jquery-validation-unobtrusive/jquery.validate.unobtrusive.js",
      "wwwroot/js/_certification-request-create.js"
    ]
  },
  {
    "outputFileName": "wwwroot/js/_bundled-certification-request-mine.js",
    "inputFiles": [
      "wwwroot/lib/datatables/media/js/jquery.dataTables.js",
      "wwwroot/lib/datatables/media/js/dataTables.bootstrap.js",
      "wwwroot/js/_certification-request-mine.js"
    ]
  },
  {
    "outputFileName": "wwwroot/css/_bundled-certification-request-mine.css",
    "inputFiles": [
      "wwwroot/lib/datatables/media/css/dataTables.bootstrap.css",
      "wwwroot/css/_certification-request-mine.css"
    ]
  },
  {
    "outputFileName": "wwwroot/js/_bundle-certification-request-verify.js",
    "inputFiles": [
      "wwwroot/js/_certification-request-verify.js"
    ]
  },
  {
    "outputFileName": "wwwroot/js/_bundled-manage-dashboard.js",
    "inputFiles": [
      "wwwroot/lib/datatables/media/js/jquery.dataTables.js",
      "wwwroot/lib/datatables/media/js/dataTables.bootstrap.js",
      "wwwroot/js/_manage-dashboard.js"
    ]
  },
  {
    "outputFileName": "wwwroot/css/_bundled-manage-dashboard.css",
    "inputFiles": [
      "wwwroot/lib/datatables/media/css/dataTables.bootstrap.css",
      "wwwroot/css/_manage-dashboard.css"
    ]
  },
  {
    "outputFileName": "wwwroot/css/_certification-request-detail.min.css",
    "inputFiles": [
      "wwwroot/css/_certification-request-detail.css"
    ]
  },
  {
    "outputFileName": "wwwroot/css/_certification-request-create.min.css",
    "inputFiles": [
      "wwwroot/css/_certification-request-create.css"
    ]
  },
  {
    "outputFileName": "wwwroot/css/_home-index.min.css",
    "inputFiles": [
      "wwwroot/css/_home-index.css"
    ]
  },
  {
    "outputFileName": "wwwroot/js/_certification-request-detail.min.js",
    "inputFiles": [
      "wwwroot/js/_certification-request-detail.js"
    ]
  },
  {
    "outputFileName": "wwwroot/css/_certification-request-verify.min.css",
    "inputFiles": [
      "wwwroot/css/_certification-request-verify.css"
    ]
  },
  {
    "outputFileName": "wwwroot/css/_benefits.min.css",
    "inputFiles": [
      "wwwroot/css/_benefits.css"
    ]
  },
  {
    "outputFileName": "wwwroot/css/_manage-superusers.min.css",
    "inputFiles": [
      "wwwroot/css/_manage-superusers.css"
    ]
  },
  {
    "outputFileName": "wwwroot/js/_bundled-manage-superusers.js",
    "inputFiles": [
      "wwwroot/lib/jquery-validation/dist/jquery.validate.js",
      "wwwroot/js/_manage-superusers.js"
    ]
  },
  {
    "outputFileName": "wwwroot/css/_process.min.css",
    "inputFiles": [
      "wwwroot/css/_process.css"
    ]
  }
]
